streams,status,measured_seconds,total_fps,average_per_stream_fps,min_stream_average_fps,max_stream_average_fps,minimum_window_fps,worst_service_p95_ms,outputs_ok,tpu_samples,tpu_median_percent,tpu_max_percent,decode_ms,image_bridge_ms,preprocess_ms,inference_ms,postprocess_ms,output_transfer_ms,cpu_postprocess_ms
1,measured,60.21735646799789,24.99279424196946,24.99279424196946,24.99279424196946,24.99279424196946,24.98382964912325,56.673461,True,19,8.0,10.0,1.6438773548172732,1.5838294000000017,2.124603986710962,2.9373740863787385,26.4740544850498,24.34366245847177,2.068442524916948
2,measured,60.1924463059986,49.989661239273005,24.994830619636502,24.98652392950037,25.00313730977264,24.980624181525545,55.693112,True,19,10.0,28.0,1.6825448778314307,1.3557515871004022,2.0765861041651936,2.997253892167952,26.199711331245133,24.039403522389904,2.0988632013412767
4,measured,60.05504677399949,100.02489919965724,25.00622479991431,24.993736257480524,25.01038764739224,24.967577338551862,58.856284,True,19,28.0,44.0,1.9917586860855523,1.6401120900004749,2.6542949900909365,3.3891853606694555,25.96418006770455,24.033786806354563,1.8737869353187513
6,measured,60.09460343200044,134.98716251916144,22.497860419860242,22.298175268204677,22.747466859429693,22.066122782078125,70.828502,True,19,44.0,50.0,2.986617686555094,2.1524024301231317,3.5428332080730147,3.960650984390185,31.14513671683157,29.216809888958622,1.8668226114137312
8,measured,60.02832590199978,143.21572142516806,17.901965178146007,17.70830660404253,18.108117853804544,17.392208166403414,91.361556,True,19,42.0,50.0,4.814681293338798,3.126437942903124,5.4453078774461074,4.5694870277835244,37.13929442114892,34.842498165290245,2.211956686286771
12,measured,60.10789862099773,127.82013971980825,10.651678309984021,10.381331144756,10.980254095415,10.194175600599769,177.676036,True,19,40.0,50.0,7.870949323056312,4.751640138658139,8.696314802872608,4.953507108753306,66.77544735823409,64.16581817142789,2.5081675653745905
16,measured,60.131203701999766,121.01869831283605,7.563668644552253,7.184289909460653,7.866132238830762,7.024115028777133,272.785191,True,19,34.0,46.0,7.518061363414068,4.485183336302953,8.006315984299707,4.833793225266963,106.65546275002757,103.94984610672279,2.6063289120761737
24,measured,60.18778718499743,116.08667350610953,4.836944729421231,4.5856479014865075,5.13393188970772,4.449969953310533,489.163884,True,19,36.0,50.0,6.9157934135531995,4.142349925570941,7.449773464068426,4.704942252086154,182.79949358968375,180.02226947745464,2.6783270771411942
32,measured,60.24015010600124,113.42933223068586,3.544666632208933,3.3200448479638767,4.03385449027611,3.029359174481574,754.198753,True,19,34.0,50.0,7.413520958229083,4.19152121623363,7.522762211219942,4.788606452117245,257.887674642459,255.01576317423232,2.7639004498911173
